São Paulo,SP
Rio de Janeiro,RJ
Brasília,DF
Belo Horizonte,MG
Manaus,AM
Curitiba,PR
Osasco,SP
Maricá,RJ
Porto Alegre,RS
Guarulhos,SP
Fortaleza,CE
Campinas,SP
Niterói,RJ
Salvador,BA
Goiânia,GO
São Bernardo do Campo,SP
Barueri,SP
Jundiaí,SP
Recife,PE
Duque de Caxias,RJ
Paulínia,SP
Parauapebas,PA
São José dos Campos,SP
São José do Rio Preto,SP
Santos,SP
Uberlândia,MG
Macaé,RJ
Contagem,MG
Sorocaba,SP
Ribeirão Preto,SP
Campo Grande,MS
Betim,MG
Nova Lima,MG
Joinville,SC
Aracaju,SE
Camaçari,BA
Cubatão,SP
Mogi das Cruzes,SP
São Luís,MA
Florianópolis,SC
Belém,PA
São Gonçalo,RJ
Maringá,PR
Volta Redonda,RJ
Caxias do Sul,RS
Londrina,PR
Piracicaba,SP
Teresina,PI
Natal,RN
Anápolis,GO
Feira de Santana,BA
Canoas,RS
Petrolina,PE
Bauru,SP
Vila Velha,ES
Campos dos Goytacazes,RJ
Santo André,SP
São Leopoldo,RS
Blumenau,SC
Franca,SP
Cariacica,ES
Boa Vista,RR
Serra,ES
Macapá,AP
Olinda,PE
Araraquara,SP
Palmas,TO
Itaquaquecetuba,SP
Taubaté,SP
Uberaba,MG
Vitória,ES
Petrópolis,RJ
Ponta Grossa,PR
Pelotas,RS
Diadema,SP
Santa Maria,RS
Chapecó,SC
Cascavel,PR
Limeira,SP
Mossoró,RN
Rio Branco,AC
Montes Claros,MG
Presidente Prudente,SP
Ipatinga,MG
Criciúma,SC
Sete Lagoas,MG
Itajaí,SC
Santarém,PA
Aparecida de Goiânia,GO
Vitória da Conquista,BA
Caruaru,PE
Rondonópolis,MT
Barra Mansa,RJ
Dourados,MS
Foz do Iguaçu,PR
Passo Fundo,RS
Campina Grande,PB
Guarujá,SP
Rio Verde,GO
Marília,SP
Ji-Paraná,RO
